Date,CID
202306,QmcuuCX2yrf8jd46myyjrWEsBc4FQCn1BPfgd1R2HiCoUr
202307,QmaDKa1oZ16M7MYtayd4Ry9n4hiA7HVtXgcibQdsoUJNUa
202308,Qmby3rRJ1b4yaAzpttmR1xkuLJexRpc7PDjj16g14eNm5e
202309,QmYqu22KoGeJ5FSHYPM44pnPyNABQiVhZVRKwnq7JtGr8d
202310,QmbN22eEC32kYRQboYQ85F38ooaJHG91tUG8DVUNhw1KtW
202311,QmNfww4Ud7eFrQwo1umSsgfT6UnbfT3otpGJ9HjqA1tRLn
202312,QmdWkWANQWpqnb5Xy1tmjXgR7at3cMBwzrSzBeki2ZhaRu
202401,QmTyYhcm54DPcgvbEJfV28kubFTk6B67R3mS7udgva2AU3
202402,QmaeQcUPy2AYRTgHxV5JyCeZ75SH4zhgNdC5VU2a8k5RuJ
202403,QmdpoF9ZVqg1gn3fiLnFmAqevmQtdb8DAdz9H88WnUrF73
